command,mean,stddev,median,user,system,min,max
./countdown/main 200000000,2.7838769107,0.02624221858619517,2.7784591892,2.7829954999999997,0.00039044,2.7560588417000003,2.8284282597
./fibonacci_recursive/main 42,0.8355468018,0.002599713096502708,0.8354783877,0.8347263,0.0007817799999999999,0.8312883877,0.8401203297000001
./product_early/main 100000,0.2057965777714286,0.0008880296548356111,0.20566916170000002,0.20551174285714285,0.00027745714285714283,0.20438962270000002,0.20787386770000002
./iterator/main 40000000,0.28249830210000004,0.002913196195023876,0.28207120220000004,0.2821112,0.00038964,0.27838612770000004,0.28675147770000003
./generator/main 25,0.5520977443,0.005086683278201132,0.5511698192000001,0.5512891999999999,0.00077728,0.5481233657000001,0.5659800877000001
./parsing_dollars/main 20000,1.3234890449999999,0.004775781455113514,1.3212591792000001,1.3231169,0.00039014000000000003,1.3188383237,1.3322202477
./resume_nontail/main 20000,0.3308908922,0.006534222459883903,0.32835291720000004,0.32934209999999997,0.00155456,0.32593930070000005,0.34378974170000004
./handler_sieve/main 60000,8.234297587399999,0.12483943045004098,8.1857312412,8.196872199999998,0.03710580000000001,8.048911623699999,8.4301766887
